t,value
1572280468,-1
1572280471,1
1572280475,4
1572280477,4
1572280480,4
1572280483,4
1572280486,4
1572280489,4
1572280492,4
1572280495,4
1572280498,4
1572280501,4
1572280504,4
1572280507,4
1572280510,4
1572280513,4
1572280516,4
1572280519,4
1572280522,4
1572280525,4
1572280528,4
1572280531,4
1572280534,4
1572280537,4
1572280540,4
1572280543,4
1572280546,4
1572280549,4
1572280552,4
1572280555,4
1572280558,4
1572280561,4
1572280564,4
1572280567,4
1572280570,4
1572280573,4
1572280576,4
1572280579,4
1572280582,4
1572280585,4
1572280588,4
1572280591,4
1572280594,3
1572280597,3
1572280600,3
1572280603,3
1572280606,3
1572280609,3
1572280612,3
1572280615,3
1572280618,3
1572280621,3
1572280624,3
1572280627,3
1572280630,3
1572280633,3
1572280636,3
1572280639,3
1572280642,3
1572280645,3
1572280648,3
1572280651,3
1572280654,2
1572280657,2
1572280660,2
1572280663,2
1572280666,2
1572280669,2
1572280672,2
1572280675,2
1572280678,2
1572280681,2
1572280684,2
1572280687,2
1572280690,2
1572280693,2
1572280696,2
1572280699,2
1572280702,2
1572280705,2
1572280708,2
1572280711,2
1572280714,2
1572280717,2
1572280720,2
1572280723,2
1572280726,2
1572280729,2
1572280732,2
1572280735,2
1572280738,2
1572280741,2
1572280744,2
1572280747,2
1572280750,2
1572280753,2
1572280756,2
1572280759,2
1572280762,2
1572280765,2
1572280768,2
1572280771,2
1572280774,2
1572280777,2
1572280780,2
1572280783,2
1572280786,2
1572280789,2
1572280792,2
1572280795,2
1572280798,2
1572280801,2
1572280804,2
1572280807,2
1572280810,2
1572280813,2
1572280816,2
1572280819,2
1572280822,2
1572280825,2
1572280828,2
1572280831,2
1572280834,2
1572280837,2
1572280840,2
1572280843,2
1572280846,2
1572280849,2
1572280852,2
1572280855,2
1572280858,2
1572280861,2
1572280864,2
1572280867,2
1572280870,2
1572280873,2
1572280876,2
1572280879,2
1572280882,2
1572280885,2
1572280888,2
1572280891,2
1572280894,2
1572280897,2
1572280900,2
1572280903,2
1572280906,2
1572280909,2
1572280912,2
1572280915,2
1572280918,2
1572280921,2
1572280924,2
1572280927,2
1572280930,2
1572280933,2
1572280936,2
1572280939,2
1572280942,2
1572280945,2
1572280948,2
1572280951,2
1572280954,2
1572280957,2
1572280960,2
1572280963,2
1572280966,2
1572280969,2
1572280972,2
1572280975,2
1572280978,2
1572280981,2
1572280984,2
1572280987,2
1572280990,2
1572280993,2
1572280996,2
1572280999,2
1572281002,2
1572281005,2
1572281008,2
1572281011,2
1572281014,2
1572281017,2
1572281020,2
1572281023,2
1572281026,2
1572281029,2
1572281032,2
1572281035,2
1572281038,2
1572281041,2
1572281044,2
1572281047,2
1572281050,2
1572281053,2
1572281056,2
1572281059,2
1572281062,2
1572281065,2
1572281068,2
1572281071,2
1572281074,2
1572281077,2
1572281080,2
1572281083,2
1572281086,2
1572281089,2
1572281092,2
1572281095,2
1572281098,2
1572281101,2
1572281104,2
1572281107,2
1572281110,2
1572281113,2
1572281116,2
1572281119,2
1572281122,2
1572281125,2
1572281128,2
1572281131,2
1572281134,2
1572281137,2
1572281140,2
1572281143,2
1572281146,2
1572281149,2
1572281152,2
1572281155,2
1572281158,2
1572281161,2
1572281164,2
1572281167,2
1572281170,2
1572281173,2
1572281176,2
1572281179,2
1572281182,2
1572281185,2
1572281188,2
1572281191,2
1572281194,2
1572281197,2
1572281200,2
1572281203,2
1572281206,2
1572281209,2
1572281212,2
1572281215,2
1572281218,2
1572281221,2
1572281224,2
1572281227,2
1572281230,2
1572281233,2
1572281236,2
1572281239,2
1572281242,2
1572281245,2
1572281248,2
1572281251,2
1572281254,2
1572281257,2
1572281260,2
1572281263,2
1572281266,2
1572281269,2
1572281272,2
1572281275,2
1572281278,2
1572281281,2
1572281284,2
1572281287,2
1572281290,2
1572281293,2
1572281296,2
1572281299,2
1572281302,2
1572281305,2
1572281308,2
1572281311,2
1572281314,2
1572281317,2
1572281320,2
1572281323,2
1572281326,2
1572281329,2
1572281332,2
1572281335,2
1572281338,2
1572281341,2
1572281344,2
1572281347,2
1572281350,2
1572281353,2
1572281356,2
1572281359,2
1572281362,2
t,value
1572281381,-1
1572281384,3
1572281387,3
1572281390,3
1572281393,3
1572281396,3
1572281399,3
1572281402,3
1572281405,3
1572281408,3
1572281411,3
1572281414,3
1572281417,3
1572281420,3
1572281423,3
1572281426,3
1572281429,3
1572281432,3
1572281435,3
1572281438,3
1572281441,3
1572281444,3
1572281447,3
1572281450,3
1572281453,3
1572281456,3
1572281459,3
1572281462,3
1572281465,3
1572281468,3
1572281471,3
1572281474,3
1572281477,3
1572281480,3
1572281483,3
1572281486,3
1572281489,3
1572281492,3
1572281495,3
1572281498,3
1572281501,3
1572281504,2
1572281507,2
1572281510,2
1572281513,2
1572281516,2
1572281519,2
1572281522,2
1572281525,2
1572281528,2
1572281531,2
1572281534,2
1572281537,2
1572281540,2
1572281543,2
1572281546,2
1572281549,2
1572281552,2
1572281555,2
1572281558,2
1572281561,2
1572281564,2
1572281567,2
1572281570,2
1572281573,2
1572281576,2
1572281579,2
1572281582,2
1572281585,2
1572281588,2
1572281591,2
1572281594,2
1572281597,2
1572281600,2
1572281603,2
1572281606,2
1572281609,2
1572281612,2
1572281615,2
1572281618,2
1572281621,2
1572281624,2
1572281627,2
1572281630,2
1572281633,2
1572281636,2
1572281639,2
1572281642,2
1572281645,2
1572281648,2
1572281651,2
1572281654,2
1572281657,2
1572281660,2
1572281663,2
1572281666,2
1572281669,2
1572281672,2
1572281675,2
1572281678,2
1572281681,2
1572281684,2
1572281687,2
1572281690,2
1572281693,2
1572281696,2
1572281699,2
1572281702,2
1572281705,2
1572281708,2
1572281711,2
1572281714,2
1572281717,2
1572281720,2
1572281723,2
1572281726,2
1572281729,2
1572281732,2
1572281735,2
1572281738,2
1572281741,2
1572281744,2
1572281747,2
1572281750,2
1572281753,2
1572281756,2
1572281759,2
1572281762,2
1572281765,2
1572281768,2
1572281771,2
1572281774,2
1572281777,2
1572281780,2
1572281783,2
1572281786,2
1572281789,2
1572281792,2
1572281795,2
1572281798,2
1572281801,2
1572281804,2
1572281807,2
1572281810,2
1572281813,2
1572281816,2
1572281819,2
1572281822,2
1572281825,2
1572281828,2
1572281831,2
1572281834,2
1572281837,2
1572281840,2
1572281843,2
1572281846,2
1572281849,2
1572281852,2
1572281855,2
1572281858,2
1572281861,2
1572281864,2
1572281867,2
1572281870,2
1572281873,2
1572281876,2
1572281879,2
1572281882,2
1572281885,2
1572281888,2
1572281891,2
1572281894,2
1572281897,2
1572281900,2
1572281903,2
1572281906,2
1572281909,2
1572281912,2
1572281915,2
1572281918,2
1572281921,2
1572281924,2
1572281927,2
1572281930,2
1572281933,2
1572281936,2
1572281939,2
1572281942,2
1572281945,2
1572281948,2
1572281951,2
1572281954,2
1572281957,2
1572281960,2
1572281963,2
1572281966,2
1572281969,2
1572281972,2
1572281975,2
1572281978,2
1572281981,2
1572281984,2
1572281987,2
1572281990,2
1572281993,2
1572281996,2
1572281999,2
1572282002,2
1572282005,2
1572282008,2
1572282011,2
1572282014,2
1572282017,2
1572282020,2
1572282023,2
1572282026,2
1572282029,2
1572282032,2
1572282035,2
1572282038,2
1572282041,2
1572282044,2
1572282047,2
1572282050,2
1572282053,2
1572282056,2
1572282059,2
1572282062,2
1572282065,2
1572282068,2
1572282071,2
1572282074,2
1572282077,2
1572282080,2
1572282083,2
1572282086,2
1572282089,2
1572282092,2
1572282095,2
1572282098,2
1572282101,2
1572282104,2
1572282107,2
1572282110,2
1572282113,2
1572282116,2
1572282119,2
1572282122,2
1572282125,2
1572282128,2
1572282131,2
1572282134,2
1572282137,2
1572282140,2
1572282143,2
1572282146,2
1572282149,2
1572282152,2
1572282155,2
1572282158,2
1572282161,2
1572282164,2
1572282167,2
1572282170,2
1572282173,2
1572282176,2
1572282179,2
1572282182,2
1572282185,2
1572282188,2
1572282191,2
1572282194,2
1572282197,2
1572282200,2
1572282203,2
1572282206,2
1572282209,2
1572282212,2
1572282215,2
1572282218,2
1572282221,2
1572282224,2
1572282227,2
1572282230,2
1572282233,2
1572282236,2
1572282239,2
1572282242,2
1572282245,2
1572282248,2
1572282251,2
1572282254,2
1572282257,2
1572282260,2
1572282263,2
1572282266,2
1572282269,2
1572282272,2
1572282275,2
1572282278,2
1572282281,2
1572282284,2
1572282287,2
1572282290,2
1572282293,2
1572282296,2
1572282299,2
1572282302,2
1572282305,2
1572282308,2
1572282311,2
1572282314,2
1572282317,2
1572282320,2
1572282323,2
1572282326,2
1572282329,2
1572282332,2
1572282335,2
1572282338,2
1572282341,2
1572282344,2
1572282347,2
1572282350,2
1572282353,2
1572282356,2
1572282359,2
1572282362,2
1572282365,2
1572282368,2
1572282371,2
1572282374,2
1572282377,2
1572282380,2
1572282383,2
1572282386,2
1572282389,2
1572282392,2
1572282395,2
1572282398,2
1572282401,2
1572282404,2
1572282407,2
1572282410,2
1572282413,2
1572282416,2
1572282419,2
1572282422,2
1572282425,2
1572282428,2
1572282431,2
1572282434,2
1572282437,2
1572282440,2
1572282443,2
1572282446,2
1572282449,2
1572282452,2
1572282455,2
1572282458,2
1572282461,2
1572282464,2
1572282467,2
1572282470,2
1572282473,2
1572282476,2
1572282479,2
1572282482,2
1572282485,2
1572282488,2
1572282491,2
1572282494,2
1572282497,2
1572282500,2
1572282503,2
1572282506,2
1572282509,2
1572282512,2
1572282515,2
1572282518,2
1572282521,2
1572282524,2
1572282527,2
1572282530,2
1572282533,2
1572282536,2
1572282539,2
1572282542,2
1572282545,2
1572282548,2
1572282551,2
1572282554,2
1572282557,2
1572282560,2
1572282563,2
1572282566,2
1572282569,2
1572282572,2
1572282575,2
1572282578,2
1572282581,2
1572282584,2
1572282587,2
1572282590,2
1572282593,2
1572282596,2
1572282599,2
1572282602,2
1572282605,2
1572282608,2
1572282611,2
1572282614,2
1572282617,2
1572282620,2
1572282623,2
1572282626,2
1572282629,2
1572282632,2
1572282635,2
1572282638,2
1572282641,2
1572282644,2
1572282647,2
1572282650,2
1572282653,2
1572282656,2
1572282659,2
1572282662,2
1572282665,2
1572282668,2
1572282671,2
1572282674,2
1572282677,2
1572282680,2
1572282683,2
1572282686,2
1572282689,2
1572282692,2
1572282695,2
1572282698,2
1572282701,2
1572282704,2
1572282707,2
1572282710,2
1572282713,2
1572282716,2
1572282719,2
1572282722,2
1572282725,2
1572282728,2
1572282731,2
1572282734,2
1572282737,2
1572282740,2
1572282743,2
1572282746,2
1572282749,2
1572282752,2
1572282755,2
1572282758,2
1572282761,2
1572282764,2
1572282767,2
1572282770,2
1572282773,2
1572282776,2
1572282779,2
1572282782,2
1572282785,2
1572282788,2
1572282791,2
1572282794,2
1572282797,2
1572282800,2
1572282803,2
1572282806,2
1572282809,2
1572282812,2
1572282815,2
1572282818,2
1572282821,2
1572282824,2
1572282827,2
1572282830,2
1572282833,2
1572282836,2
1572282839,2
1572282842,2
1572282845,2
1572282848,2
1572282851,2
1572282854,2
1572282857,2
1572282860,2
1572282863,2
1572282866,2
1572282869,2
1572282872,2
1572282875,2
1572282878,2
1572282881,2
1572282884,2
1572282887,2
1572282890,2
1572282893,2
1572282896,2
1572282899,2
1572282902,2
1572282905,2
1572282908,2
1572282911,2
1572282914,2
1572282917,2
1572282920,2
1572282923,2
1572282926,2
1572282929,2
1572282932,2
1572282935,2
1572282938,2
1572282941,2
1572282944,2
1572282947,2
1572282950,2
1572282953,2
1572282956,2
1572282959,2
1572282962,2
1572282965,2
1572282968,2
1572282971,2
1572282974,2
1572282977,2
1572282980,2
1572282983,2
1572282986,2
1572282989,2
1572282992,2
1572282995,2
1572282998,2
1572283001,2
1572283004,2
1572283007,2
1572283010,2
1572283013,2
1572283016,2
1572283019,2
1572283022,2
1572283025,2
1572283028,2
1572283031,2
1572283034,2
1572283037,2
1572283040,2
1572283043,2
1572283046,2
1572283049,2
1572283052,2
1572283055,2
1572283058,2
1572283061,2
1572283064,2
1572283067,2
1572283070,2
1572283073,2
1572283076,2
1572283079,2
1572283082,2
1572283085,2
1572283088,2
1572283091,2
1572283094,2
1572283097,2
1572283100,2
1572283103,2
1572283106,2
1572283109,2
1572283112,2
1572283115,2
1572283118,2
1572283121,2
1572283124,2
1572283127,2
1572283130,2
1572283133,2
1572283136,2
1572283139,2
1572283142,2
1572283145,2
1572283148,2
1572283151,2
1572283154,2
1572283157,2
1572283160,2
1572283163,2
1572283166,2
1572283169,2
1572283172,2
1572283175,2
1572283178,2
1572283181,2
1572283184,2
1572283187,2
1572283190,2
1572283193,2
1572283196,2
1572283199,2
1572283202,2
1572283205,2
1572283208,2
1572283211,2
1572283214,2
1572283217,2
1572283220,2
1572283223,2
1572283226,2
1572283229,2
1572283232,2
1572283235,2
1572283238,2
1572283241,2
1572283244,2
1572283247,2
1572283250,2
1572283253,2
1572283256,2
1572283259,2
1572283262,2
1572283265,2
1572283268,2
1572283271,2
1572283274,2
1572283277,2
1572283280,2
1572283283,2
1572283286,2
1572283289,2
1572283292,2
1572283295,2
1572283298,2
1572283301,2
1572283304,2
1572283307,2
1572283310,2
1572283313,2
1572283316,2
1572283319,2
1572283322,2
1572283325,2
1572283328,2
1572283331,2
1572283334,2
1572283337,2
1572283340,2
1572283343,2
1572283346,2
1572283349,2
1572283352,2
1572283355,2
1572283358,2
1572283361,2
1572283364,2
1572283367,2
1572283370,2
1572283373,2
1572283376,2
1572283379,2
1572283382,2
1572283385,2
1572283388,2
1572283391,2
1572283394,2
1572283397,2
1572283400,2
1572283403,2
1572283406,2
1572283409,2
1572283412,2
1572283415,2
1572283418,2
1572283421,2
1572283424,2
1572283427,2
1572283430,2
1572283433,2
1572283436,2
1572283439,2
1572283442,2
1572283445,2
1572283448,2
1572283451,2
1572283454,2
1572283457,2
1572283460,2
1572283463,2
1572283466,2
1572283469,2
1572283472,2
1572283475,2
1572283478,2
1572283481,2
1572283484,2
1572283487,2
1572283490,2
1572283493,2
1572283496,2
1572283499,2
1572283502,2
1572283505,2
1572283508,2
1572283511,2
1572283514,2
1572283517,2
1572283520,2
1572283523,2
1572283526,2
1572283529,2
1572283532,2
1572283535,2
1572283538,2
1572283541,2
1572283544,2
1572283547,2
1572283550,2
1572283553,2
1572283556,2
1572283559,2
1572283562,2
1572283565,2
1572283568,2
1572283571,2
1572283574,2
1572283577,2
1572283580,2
1572283583,2
1572283586,2
1572283589,2
1572283592,2
1572283595,2
1572283598,2
1572283601,2
1572283604,2
1572283607,2
1572283610,2
1572283613,2
1572283616,2
1572283619,2
1572283622,2
1572283625,2
1572283628,2
1572283631,2
1572283634,2
1572283637,2
1572283640,2
1572283643,2
1572283646,2
1572283649,2
1572283652,2
1572283655,2
1572283658,2
1572283661,2
1572283664,2
1572283667,2
1572283670,2
1572283673,2
1572283676,2
1572283679,2
1572283682,2
1572283685,2
1572283688,2
1572283691,2
1572283694,2
1572283697,2
1572283700,2
1572283703,2
1572283706,2
1572283709,2
1572283712,2
1572283715,2
1572283718,2
1572283721,2
1572283724,2
1572283727,2
1572283730,2
1572283733,2
1572283736,2
1572283739,2
1572283742,2
1572283745,2
1572283748,2
1572283751,2
1572283754,2
1572283757,2
1572283760,2
1572283763,2
1572283766,2
1572283769,2
1572283772,2
1572283775,2
1572283778,2
1572283781,2
1572283784,2
1572283787,2
1572283790,2
1572283793,2
1572283796,2
1572283799,2
1572283802,2
1572283805,2
1572283808,2
1572283811,2
1572283814,2
1572283817,2
1572283820,2
1572283823,2
1572283826,2
1572283829,2
1572283832,2
1572283835,2
1572283838,2
1572283841,2
1572283844,2
1572283847,2
1572283850,2
1572283853,2
1572283856,2
1572283859,2
1572283862,2
1572283865,2
1572283868,2
1572283871,2
1572283874,2
1572283877,2
1572283880,2
1572283883,2
1572283886,2
1572283889,2
1572283892,2
1572283895,2
1572283898,2
1572283901,2
1572283904,2
1572283907,2
1572283910,2
1572283913,2
1572283916,2
1572283919,2
1572283922,2
1572283925,2
1572283928,2
1572283931,2
1572283934,2
1572283937,2
1572283940,2
1572283943,2
1572283946,2
1572283949,2
1572283952,2
1572283955,2
1572283958,2
1572283961,2
1572283964,2
1572283967,2
1572283970,2
1572283973,2
1572283976,2
1572283979,2
1572283982,2
1572283985,2
1572283988,2
1572283991,2
1572283994,2
1572283997,2
1572284000,2
1572284003,2
1572284006,2
1572284009,2
1572284012,2
1572284015,2
1572284018,2
1572284021,2
1572284024,2
1572284027,2
1572284030,2
1572284033,2
1572284036,2
1572284039,2
1572284042,2
1572284045,2
1572284048,2
1572284051,2
1572284054,2
1572284057,2
1572284060,2
1572284063,2
1572284066,2
1572284069,2
1572284072,2
1572284075,2
1572284078,2
1572284081,2
1572284084,2
1572284087,2
1572284090,2
1572284093,2
1572284096,2
1572284099,2
1572284102,2
1572284105,2
1572284108,2
1572284111,2
1572284114,2
1572284117,2
1572284120,2
1572284123,2
1572284126,2
1572284129,2
1572284132,2
1572284135,2
1572284138,2
1572284141,2
1572284144,2
1572284147,2
1572284150,2
1572284153,2
1572284156,2
1572284159,2
1572284162,2
1572284165,2
1572284168,2
1572284171,2
1572284174,2
1572284177,2
1572284180,2
1572284183,2
1572284186,2
1572284189,2
1572284192,2
1572284195,2
1572284198,2
1572284201,2
1572284204,2
1572284207,2
1572284210,2
1572284213,2
1572284216,2
1572284219,2
1572284222,2
1572284225,2
1572284228,2
1572284231,2
1572284234,2
1572284237,2
1572284240,2
1572284243,2
1572284246,2
1572284249,2
1572284252,2
1572284255,2
1572284258,2
1572284261,2
1572284264,2
1572284267,2
1572284270,2
1572284273,2
1572284276,2
1572284279,2
1572284282,2
1572284285,2
1572284288,2
1572284291,2
1572284294,2
1572284297,2
1572284300,2
1572284303,2
1572284306,2
1572284309,2
1572284312,2
1572284315,2
1572284318,2
1572284321,2
1572284324,2
1572284327,2
1572284330,2
1572284333,2
1572284336,2
1572284339,2
1572284342,2
1572284345,2
1572284348,2
1572284351,2
1572284354,2
1572284357,2
1572284360,2
1572284363,2
1572284366,2
1572284369,2
1572284372,2
1572284375,2
1572284378,2
1572284381,2
1572284384,2
1572284387,2
1572284390,2
1572284393,2
1572284396,2
1572284399,2
1572284402,2
1572284405,2
1572284408,2
1572284411,2
1572284414,2
1572284417,2
1572284420,2
1572284423,2
1572284426,2
1572284429,2
1572284432,2
1572284435,2
1572284438,2
1572284441,2
1572284444,2
1572284447,2
1572284450,2
1572284453,2
1572284456,2
1572284459,2
1572284462,2
1572284465,2
1572284468,2
1572284471,2
1572284474,2
1572284477,2
1572284480,2
1572284483,2
1572284486,2
1572284489,2
1572284492,2
1572284495,2
1572284498,2
1572284501,2
1572284504,2
1572284507,2
1572284510,2
1572284513,2
1572284516,2
1572284519,2
1572284522,2
1572284525,2
1572284528,2
1572284531,2
1572284534,2
1572284537,2
1572284540,2
1572284543,2
1572284546,2
1572284549,2
1572284552,2
1572284555,2
1572284558,2
1572284561,2
1572284564,2
1572284567,2
1572284570,2
1572284573,2
1572284576,2
1572284579,2
1572284582,2
1572284585,2
1572284588,2
1572284591,2
1572284594,2
1572284597,2
1572284600,2
1572284603,2
1572284606,2
1572284609,2
1572284612,2
1572284615,2
1572284618,2
1572284621,2
1572284624,2
1572284627,2
1572284630,2
1572284633,2
1572284636,2
1572284639,2
1572284642,2
1572284645,2
1572284648,2
1572284651,2
1572284654,2
1572284657,2
1572284660,2
1572284663,2
1572284666,2
1572284669,2
1572284672,2
1572284675,2
1572284678,2
1572284681,2
1572284684,2
1572284687,2
1572284690,2
1572284693,2
1572284696,2
1572284699,2
1572284702,2
1572284705,2
1572284708,2
1572284711,2
1572284714,2
1572284717,2
1572284720,2
1572284723,2
1572284726,2
1572284729,2
1572284732,2
1572284735,2
1572284738,2
1572284741,2
1572284744,2
1572284747,2
1572284750,2
1572284753,2
1572284756,2
1572284759,2
1572284762,2
1572284765,2
1572284768,2
1572284771,2
1572284774,2
1572284777,2
1572284780,2
1572284783,2
1572284786,2
1572284789,2
1572284792,2
1572284795,2
1572284798,2
1572284801,2
1572284804,2
1572284807,2
1572284810,2
1572284813,2
1572284816,2
1572284819,2
1572284822,2
1572284825,2
1572284828,2
1572284831,2
1572284834,2
1572284837,2
1572284840,2
1572284843,2
1572284846,2
1572284849,2
1572284852,2
1572284855,2
1572284858,2
1572284861,2
1572284864,2
1572284867,2
1572284870,2
1572284873,2
1572284876,2
1572284879,2
1572284882,2
1572284885,2
1572284888,2
1572284891,2
1572284894,2
1572284897,2
1572284900,2
1572284903,2
1572284906,2
1572284909,2
1572284912,2
1572284915,2
1572284918,2
1572284921,2
1572284924,2
1572284927,2
1572284930,2
1572284933,2
1572284936,2
1572284939,2
1572284942,2
1572284945,2
1572284948,2
1572284951,2
1572284954,2
1572284957,2
1572284960,2
1572284963,2
1572284966,2
1572284969,2
1572284972,2
1572284975,2
1572284978,2
1572284981,2
1572284984,2
1572284987,2
1572284990,2
1572284993,2
1572284996,2
1572284999,2
1572285002,2
1572285005,2
1572285008,2
1572285011,2
1572285014,2
1572285017,2
1572285020,2
1572285023,2
1572285026,2
1572285029,2
1572285032,2
1572285035,2
1572285038,2
1572285041,2
1572285044,2
1572285047,2
1572285050,2
1572285053,2
1572285056,2
1572285059,2
1572285062,2
1572285065,2
1572285068,2
1572285071,2
1572285074,2
1572285077,2
1572285080,2
1572285083,2
1572285086,2
1572285089,2
1572285092,2
1572285095,2
1572285098,2
1572285101,2
1572285104,2
1572285107,2
1572285110,2
1572285113,2
1572285116,2
1572285119,2
1572285122,2
1572285125,2
1572285128,2
1572285131,2
1572285134,2
1572285137,2
1572285140,2
1572285143,2
1572285146,2
1572285149,2
1572285152,2
1572285155,2
1572285158,2
1572285161,2
1572285164,2
1572285167,2
1572285170,2
1572285173,2
1572285176,2
1572285179,2
1572285182,2
1572285185,2
1572285188,2
1572285191,2
1572285194,2
1572285197,2
1572285200,2
1572285203,2
1572285206,2
1572285209,2
1572285212,2
1572285215,2
1572285218,2
1572285221,2
1572285224,2
1572285227,2
1572285230,2
1572285233,2
1572285236,2
1572285239,2
1572285242,2
1572285245,2
1572285248,2
1572285251,2
1572285254,2
1572285257,2
1572285260,2
1572285263,2
1572285266,2
1572285269,2
1572285272,2
1572285275,2
1572285278,2
1572285281,2
1572285284,2
1572285287,2
1572285290,2
1572285293,2
1572285296,2
1572285299,2
1572285302,2
1572285305,2
1572285308,2
1572285311,2
1572285314,2
1572285317,2
1572285320,2
1572285323,2
1572285326,2
1572285329,2
1572285332,2
1572285335,2
1572285338,2
1572285341,2
1572285344,2
1572285347,2
1572285350,2
1572285353,2
1572285356,2
1572285359,2
1572285362,2
1572285365,2
1572285368,2
1572285371,2
1572285374,2
1572285377,2
1572285380,2
1572285383,2
1572285386,2
1572285389,2
1572285392,2
1572285395,2
1572285398,2
1572285401,2
1572285404,2
1572285407,2
1572285410,2
1572285413,2
1572285416,2
1572285419,2
1572285422,2
1572285425,2
1572285428,2
1572285431,2
1572285434,2
1572285437,2
1572285440,2
1572285443,2
1572285446,2
1572285449,2
1572285452,2
1572285455,2
1572285458,2
1572285461,2
1572285464,2
1572285467,2
1572285470,2
1572285473,2
1572293136,2
1572293136,2
1572293136,2
1572293136,2
1572293136,2
1572293136,2
1572293136,2
1572293136,2
1572293136,2
1572293136,2
1572293136,2
1572293136,2
1572293136,2
1572293136,2
1572293136,2
1572293136,2
1572293136,2
1572293136,2
1572293136,2
1572293136,2
1572293136,2
1572293136,2
1572293136,2
1572293136,2
1572293136,2
1572293136,2
1572293136,2
1572293136,2
1572293136,2
1572293136,2
1572293136,2
1572293136,2
1572293136,2
1572293136,2
1572293136,2
1572293136,2
1572293137,2
1572293137,2
1572293137,2
1572293137,2
1572293137,2
1572293137,2
1572293137,2
1572293137,2
1572293137,2
1572293137,2
1572293137,2
1572293137,2
1572293137,2
1572293137,2
1572293137,2
1572293137,2
1572293137,2
1572293137,2
1572293137,2
1572293137,2
1572293137,2
1572293137,2
1572293137,2
1572293137,2
1572293137,2
1572293137,2
1572293137,2
1572293137,2
1572293137,2
1572293137,2
1572293137,2
1572293137,2
1572293137,2
1572293137,2
1572293137,2
1572293137,2
1572293137,2
1572293137,2
1572293137,2
1572293138,2
1572293138,2
1572293138,2
1572293138,2
1572293138,2
1572293138,2
1572293138,2
1572293138,2
1572293138,2
1572293138,2
1572293138,2
1572293138,2
1572293138,2
1572293138,2
1572293138,2
1572293138,2
1572293138,2
1572293138,2
1572293138,2
1572293138,2
1572293138,2
1572293138,2
1572293138,2
1572293138,2
1572293138,2
1572293138,2
1572293138,2
1572293138,2
1572293138,2
1572293138,2
1572293138,2
1572293138,2
1572293138,2
1572293139,2
1572293139,2
1572293139,2
1572293139,2
1572293139,2
1572293139,2
1572293139,2
1572293139,2
1572293139,2
1572293139,2
1572293139,2
1572293139,2
1572293139,2
1572293139,2
1572293139,2
1572293139,2
1572293139,2
1572293139,2
1572293139,2
1572293139,2
1572293139,2
1572293139,2
1572293139,2
1572293139,2
1572293139,2
1572293139,2
1572293139,2
1572293139,2
1572293139,2
1572293140,2
1572293140,2
1572293140,2
1572293140,2
1572293140,2
1572293140,2
1572293140,2
1572293140,2
1572293140,2
1572293140,2
1572293140,2
1572293140,2
1572293140,2
1572293140,2
1572293140,2
1572293140,2
1572293140,2
1572293140,2
1572293140,2
1572293140,2
1572293140,2
1572293141,2
1572293141,2
1572293141,2
1572293141,2
1572293141,2
1572293141,2
1572293141,2
1572293141,2
1572293141,2
1572293141,2
1572293141,2
1572293141,2
1572293141,2
1572293141,2
1572293141,2
1572293141,2
1572293141,2
1572293141,2
1572293141,2
1572293142,2
1572293142,2
1572293142,2
1572293142,2
1572293142,2
1572293142,2
1572293142,2
1572293142,2
1572293142,2
1572293142,2
1572293142,2
1572293142,2
1572293142,2
1572293142,2
1572293142,2
1572293142,2
1572293142,2
1572293142,2
1572293142,2
1572293142,2
1572293142,2
1572293142,2
1572293142,2
1572293142,2
1572293142,2
1572293142,2
1572293142,2
1572293142,2
1572293142,2
1572293143,2
1572293143,2
1572293143,2
1572293143,2
1572293143,2
1572293143,2
1572293143,2
1572293143,2
1572293143,2
1572293143,2
1572293143,2
1572293143,2
1572293143,2
1572293143,2
1572293143,2
1572293143,2
1572293143,2
1572293143,2
1572293143,2
1572293143,2
1572293143,2
1572293143,2
1572293143,2
1572293143,2
1572293143,2
1572293143,2
1572293143,2
1572293143,2
1572293143,2
1572293143,2
1572293143,2
1572293143,2
1572293143,2
1572293143,2
1572293143,2
1572293143,2
1572293143,2
1572293143,2
1572293143,2
1572293143,2
1572293143,2
1572293143,2
1572293143,2
1572293143,2
1572293143,2
1572293143,2
1572293143,2
1572293143,2
1572293143,2
1572293143,2
1572293143,2
1572293144,2
1572293144,2
1572293144,2
1572293144,2
1572293144,2
1572293144,2
1572293144,2
1572293144,2
1572293144,2
1572293144,2
1572293144,2
1572293144,2
1572293144,2
1572293144,2
1572293144,2
1572293144,2
1572293144,2
1572293144,2
1572293144,2
1572293144,2
1572293144,2
1572293144,2
1572293144,2
1572293144,2
1572293144,2
1572293144,2
1572293144,2
1572293144,2
1572293144,2
1572293144,2
1572293144,2
1572293144,2
1572293144,2
1572293144,2
1572293144,2
1572293144,2
1572293144,2
1572293144,2
1572293145,2
1572293145,2
1572293145,2
1572293145,2
1572293145,2
1572293145,2
1572293145,2
1572293145,2
1572293145,2
1572293145,2
1572293145,2
1572293145,2
1572293145,2
1572293145,2
1572293145,2
1572293145,2
1572293145,2
1572293145,2
1572293145,2
1572293145,2
1572293145,2
1572293145,2
1572293145,2
1572293145,2
1572293145,2
1572293146,2
1572293146,2
1572293146,2
1572293146,2
1572293146,2
1572293146,2
1572293146,2
1572293146,2
1572293146,2
1572293146,2
1572293146,2
1572293146,2
1572293146,2
1572293146,2
1572293146,2
1572293146,2
1572293146,2
1572293146,2
1572293146,2
1572293146,2
1572293146,2
1572293146,2
1572293146,2
1572293146,2
1572293147,2
1572293147,2
1572293147,2
1572293147,2
1572293147,2
1572293147,2
1572293147,2
1572293147,2
1572293147,2
1572293147,2
1572293147,2
1572293147,2
1572293147,2
1572293147,2
1572293147,2
1572293147,2
1572293147,2
1572293147,2
1572293147,2
1572293147,2
1572293147,2
1572293147,2
1572293147,2
1572293147,2
1572293147,2
1572293148,2
1572293148,2
1572293148,2
1572293148,2
1572293148,2
1572293148,2
1572293148,2
1572293148,2
1572293148,2
1572293148,2
1572293148,2
1572293148,2
1572293148,2
1572293148,2
1572293148,2
1572293148,2
1572293148,2
1572293148,2
1572293148,2
1572293148,2
1572293148,2
1572293148,2
1572293148,2
1572293148,2
1572293148,2
1572293148,2
1572293148,2
1572293148,2
1572293148,2
1572293148,2
1572293149,2
1572293149,2
1572293149,2
1572293149,2
1572293149,2
1572293149,2
1572293149,2
1572293149,2
1572293149,2
1572293149,2
1572293149,2
1572293149,2
1572293149,2
1572293149,2
1572293149,2
1572293149,2
1572293149,2
1572293149,2
1572293149,2
1572293149,2
1572293149,2
1572293149,2
1572293149,2
1572293149,2
1572293149,2
1572293149,2
1572293149,2
1572293149,2
1572293149,2
1572293149,2
1572293149,2
1572293149,2
1572293149,2
1572293149,2
1572293149,2
1572293149,2
1572293149,2
1572293149,2
1572293149,2
1572293150,2
1572293150,2
1572293150,2
1572293150,2
1572293150,2
1572293150,2
1572293150,2
1572293150,2
1572293150,2
1572293150,2
1572293150,2
1572293150,2
1572293150,2
1572293150,2
1572293150,2
1572293150,2
1572293150,2
1572293150,2
1572293150,2
1572293150,2
1572293150,2
1572293150,2
1572293150,2
1572293150,2
1572293150,2
1572293150,2
1572293150,2
1572293150,2
1572293150,2
1572293150,2
1572293150,2
1572293150,2
1572293150,2
1572293150,2
1572293150,2
1572293150,2
1572293150,2
1572293150,2
1572293150,2
1572293150,2
1572293150,2
1572293150,2
1572293150,2
1572293150,2
1572293150,2
1572293150,2
1572293150,2
1572293151,2
1572293151,2
1572293151,2
1572293151,2
1572293151,2
1572293151,2
1572293151,2
1572293151,2
1572293151,2
1572293151,2
1572293151,2
1572293151,2
1572293151,2
1572293151,2
1572293151,2
1572293151,2
1572293151,2
1572293151,2
1572293151,2
1572293151,2
1572293151,2
1572293151,2
1572293151,2
1572293151,2
1572293151,2
1572293151,2
1572293151,2
1572293151,2
1572293151,2
1572293151,2
1572293151,2
1572293151,2
1572293151,2
1572293151,2
1572293151,2
1572293151,2
1572293151,2
1572293151,2
1572293151,2
1572293151,2
1572293151,2
1572293151,2
1572293151,2
1572293151,2
1572293151,2
1572293151,2
1572293151,2
1572293152,2
1572293152,2
1572293152,2
1572293152,2
1572293152,2
1572293152,2
1572293152,2
1572293152,2
1572293152,2
1572293152,2
1572293152,2
1572293152,2
1572293152,2
1572293152,2
1572293152,2
1572293152,2
1572293152,2
1572293152,2
1572293152,2
1572293152,2
1572293152,2
1572293152,2
1572293152,2
1572293152,2
1572293152,2
1572293152,2
1572293152,2
1572293152,2
1572293152,2
1572293152,2
1572293152,2
1572293152,2
1572293152,2
1572293152,2
1572293152,2
1572293152,2
1572293152,2
1572293152,2
1572293152,2
1572293152,2
1572293152,2
1572293152,2
1572293152,2
1572293152,2
1572293152,2
1572293152,2
1572293152,2
1572293152,2
1572293153,2
1572293153,2
1572293153,2
1572293153,2
1572293153,2
1572293153,2
1572293153,2
1572293153,2
1572293153,2
1572293153,2
1572293153,2
1572293153,2
1572293153,2
1572293153,2
1572293153,2
1572293153,2
1572293153,2
1572293153,2
1572293153,2
1572293153,2
1572293153,2
1572293153,2
1572293153,2
1572293153,2
1572293153,2
1572293153,2
1572293153,2
1572293153,2
1572293153,2
1572293153,2
1572293153,2
1572293153,2
1572293153,2
1572293153,2
1572293153,2
1572293153,2
1572293153,2
1572293153,2
1572293153,2
1572293153,2
1572293153,2
1572293153,2
1572293153,2
1572293153,2
1572293154,2
1572293154,2
1572293154,2
1572293154,2
1572293154,2
1572293154,2
1572293154,2
1572293154,2
1572293154,2
1572293154,2
1572293154,2
1572293154,2
1572293154,2
1572293154,2
1572293154,2
1572293154,2
1572293154,2
1572293154,2
1572293154,2
1572293154,2
1572293154,2
1572293154,2
1572293154,2
1572293154,2
1572293154,2
1572293154,2
1572293154,2
1572293154,2
1572293154,2
1572293154,2
1572293154,2
1572293154,2
1572293154,2
1572293154,2
1572293154,2
1572293154,2
1572293154,2
1572293154,2
1572293154,2
1572293154,2
1572293154,2
1572293154,2
1572293154,2
1572293154,2
1572293154,2
1572293154,2
1572293154,2
1572293154,2
1572293154,2
1572293154,2
1572293154,2
1572293154,2
1572293154,2
1572293155,2
1572293155,2
1572293155,2
1572293155,2
1572293155,2
1572293155,2
1572293155,2
1572293155,2
1572293155,2
1572293155,2
1572293155,2
1572293155,2
1572293155,2
1572293155,2
1572293155,2
1572293155,2
1572293155,2
1572293155,2
1572293155,2
1572293155,2
1572293155,2
1572293155,2
1572293155,2
1572293155,2
1572293155,2
1572293155,2
1572293155,2
1572293155,2
1572293155,2
1572293155,2
1572293155,2
1572293155,2
1572293155,2
1572293155,2
1572293155,2
1572293155,2
1572293155,2
1572293155,2
1572293155,2
1572293155,2
1572293155,2
1572293155,2
1572293155,2
1572293155,2
1572293155,2
1572293155,2
1572293155,2
1572293155,2
1572293155,2
1572293155,2
1572293155,2
1572293155,2
1572293155,2
1572293155,2
1572293155,2
1572293155,2
1572293155,2
1572293155,2
1572293155,2
1572293155,2
1572293155,2
1572293155,2
1572293155,2
1572293155,2
1572293155,2
1572293155,2
1572293155,2
1572293155,2
1572293155,2
1572293155,2
1572293155,2
1572293155,2
1572293155,2
1572293155,2
1572293155,2
1572293155,2
1572293155,2
1572293155,2
1572293156,2
1572293156,2
1572293156,2
1572293156,2
1572293156,2
1572293156,2
1572293156,2
1572293156,2
1572293156,2
1572293156,2
1572293156,2
1572293156,2
1572293156,2
1572293156,2
1572293156,2
1572293156,2
1572293156,2
1572293156,2
1572293156,2
1572293156,2
1572293156,2
1572293156,2
1572293156,2
1572293156,2
1572293156,2
1572293156,2
1572293156,2
1572293156,2
1572293156,2
1572293156,2
1572293156,2
1572293156,2
1572293156,2
1572293156,2
1572293156,2
1572293156,2
1572293156,2
1572293156,2
1572293156,2
1572293156,2
1572293156,2
1572293156,2
1572293156,2
1572293156,2
1572293156,2
1572293156,2
1572293156,2
1572293156,2
1572293156,2
1572293156,2
1572293156,2
1572293156,2
1572293156,2
1572293156,2
1572293156,2
1572293156,2
1572293156,2
1572293156,2
1572293156,2
1572293156,2
1572293156,2
1572293156,2
1572293156,2
1572293156,2
1572293156,2
1572293156,2
1572293156,2
1572293156,2
1572293156,2
1572293156,2
1572293156,2
1572293156,2
1572293156,2
1572293156,2
1572293156,2
1572293156,2
1572293156,2
1572293156,2
1572293156,2
1572293156,2
1572293156,2
1572293156,2
1572293156,2
1572293156,2
1572293157,2
1572293157,2
1572293157,2
1572293157,2
1572293157,2
1572293157,2
1572293157,2
1572293157,2
1572293157,2
1572293157,2
1572293157,2
1572293157,2
1572293157,2
1572293157,2
1572293157,2
1572293157,2
1572293157,2
1572293157,2
1572293157,2
1572293157,2
1572293157,2
1572293157,2
1572293157,2
1572293157,2
1572293157,2
1572293157,2
1572293157,2
1572293157,2
1572293157,2
1572293157,2
1572293157,2
1572293157,2
1572293157,2
1572293157,2
1572293157,2
1572293157,2
1572293157,2
1572293157,2
1572293157,2
1572293157,2
1572293157,2
1572293157,2
1572293157,2
1572293157,2
1572293157,2
1572293157,2
1572293157,2
1572293157,2
1572293157,2
1572293157,2
1572293157,2
1572293157,2
1572293157,2
1572293157,2
1572293157,2
1572293157,2
1572293157,2
1572293157,2
1572293157,2
1572293157,2
1572293157,2
1572293157,2
1572293157,2
1572293157,2
1572293157,2
1572293157,2
1572293157,2
1572293157,2
1572293157,2
1572293157,2
1572293157,2
1572293157,2
1572293157,2
1572293157,2
1572293157,2
1572293157,2
1572293157,2
1572293157,2
1572293157,2
1572293157,2
1572293157,2
1572293157,2
1572293157,2
1572293157,2
1572293157,2
1572293157,2
1572293157,2
1572293157,2
1572293157,2
1572293157,2
1572293157,2
1572293157,2
1572293157,2
1572293157,2
1572293157,2
1572293158,2
1572293158,2
1572293158,2
1572293158,2
1572293158,2
1572293158,2
1572293158,2
1572293158,2
1572293158,2
1572293158,2
1572293158,2
1572293158,2
1572293158,2
1572293158,2
1572293158,2
1572293158,2
1572293158,2
1572293158,2
1572293158,2
1572293158,2
1572293158,2
1572293158,2
1572293158,2
1572293158,2
1572293158,2
1572293158,2
1572293158,2
1572293158,2
1572293158,2
1572293158,2
1572293158,2
1572293158,2
1572293158,2
1572293158,2
1572293158,2
1572293158,2
1572293158,2
1572293158,2
1572293158,2
1572293158,2
1572293158,2
1572293158,2
1572293158,2
1572293158,2
1572293158,2
1572293158,2
1572293158,2
1572293158,2
1572293158,2
1572293158,2
1572293158,2
1572293158,2
1572293158,2
1572293158,2
1572293158,2
1572293158,2
1572293158,2
1572293158,2
1572293158,2
1572293158,2
1572293158,2
1572293158,2
1572293158,2
1572293158,2
1572293158,2
1572293158,2
1572293158,2
1572293158,2
1572293158,2
1572293158,2
1572293158,2
1572293158,2
1572293158,2
1572293158,2
1572293158,2
1572293158,2
1572293158,2
1572293158,2
1572293158,2
1572293158,2
1572293158,2
1572293158,2
1572293158,2
1572293158,2
1572293158,2
1572293159,2
1572293159,2
1572293159,2
1572293159,2
1572293159,2
1572293159,2
1572293159,2
1572293159,2
1572293159,2
1572293159,2
1572293159,2
1572293159,2
1572293159,2
1572293159,2
1572293159,2
1572293159,2
1572293159,2
1572293159,2
1572293159,2
1572293159,2
1572293159,2
1572293159,2
1572293159,2
1572293159,2
1572293159,2
1572293159,2
1572293159,2
1572293159,2
1572293159,2
1572293159,2
1572293159,2
1572293159,2
1572293159,2
1572293159,2
1572293159,2
1572293159,2
1572293159,2
1572293159,2
1572293159,2
1572293159,2
1572293159,2
1572293159,2
1572293159,2
1572293159,2
1572293159,2
1572293159,2
1572293159,2
1572293159,2
1572293159,2
1572293159,2
1572293159,2
1572293159,2
1572293159,2
1572293159,2
1572293159,2
1572293159,2
1572293159,2
1572293159,2
1572293159,2
1572293159,2
1572293159,2
1572293159,2
1572293159,2
1572293159,2
1572293159,2
1572293159,2
1572293159,2
1572293159,2
1572293159,2
1572293159,2
1572293159,2
1572293159,2
1572293159,2
1572293159,2
1572293159,2
1572293159,2
1572293159,2
1572293159,2
1572293159,2
1572293159,2
1572293159,2
1572293159,2
1572293159,2
1572293159,2
1572293159,2
1572293159,2
1572293159,2
1572293159,2
1572293159,2
1572293159,2
1572293159,2
1572293159,2
1572293159,2
1572293159,2
1572293159,2
1572293159,2
1572293160,2
1572293160,2
1572293160,2
1572293160,2
1572293160,2
1572293160,2
1572293160,2
1572293160,2
1572293160,2
1572293160,2
1572293160,2
1572293160,2
1572293160,2
1572293160,2
1572293160,2
1572293160,2
1572293160,2
1572293160,2
1572293160,2
1572293160,2
1572293160,2
1572293160,2
1572293160,2
1572293160,2
1572293160,2
1572293160,2
1572293160,2
1572293160,2
1572293160,2
1572293160,2
1572293160,2
1572293160,2
1572293160,2
1572293160,2
1572293160,2
1572293160,2
1572293160,2
1572293160,2
1572293160,2
1572293160,2
1572293160,2
1572293160,2
1572293160,2
1572293160,2
1572293160,2
1572293160,2
1572293160,2
1572293160,2
1572293160,2
1572293160,2
1572293160,2
1572293160,2
1572293160,2
1572293160,2
1572293160,2
1572293160,2
1572293160,2
1572293160,2
1572293160,2
1572293160,2
1572293160,2
1572293160,2
1572293160,2
1572293160,2
1572293160,2
1572293160,2
1572293160,2
1572293160,2
1572293160,2
1572293160,2
1572293160,2
1572293160,2
1572293160,2
1572293160,2
1572293160,2
1572293160,2
1572293160,2
1572293160,2
1572293160,2
1572293160,2
1572293160,2
1572293160,2
1572293160,2
1572293160,2
1572293160,2
1572293160,2
1572293160,2
1572293160,2
1572293161,2
1572293161,2
1572293161,2
1572293161,2
1572293161,2
1572293161,2
1572293161,2
1572293161,2
1572293161,2
1572293161,2
1572293161,2
1572293161,2
1572293161,2
1572293161,2
1572293161,2
1572293161,2
1572293161,2
1572293161,2
1572293161,2
1572293161,2
1572293161,2
1572293161,2
1572293161,2
1572293161,2
1572293161,2
1572293161,2
1572293161,2
1572293161,2
1572293161,2
1572293161,2
1572293161,2
1572293161,2
1572293161,2
1572293161,2
1572293161,2
1572293161,2
1572293161,2
1572293161,2
1572293161,2
1572293161,2
1572293161,2
1572293161,2
1572293161,2
1572293161,2
1572293161,2
1572293161,2
1572293161,2
1572293161,2
1572293161,2
1572293161,2
1572293161,2
1572293161,2
1572293161,2
1572293161,2
1572293161,2
1572293161,2
1572293161,2
1572293161,2
1572293161,2
1572293161,2
1572293161,2
1572293161,2
1572293161,2
1572293161,2
1572293161,2
1572293161,2
1572293161,2
1572293161,2
1572293161,2
1572293161,2
1572293161,2
1572293161,2
1572293161,2
1572293161,2
1572293161,2
1572293161,2
1572293161,2
1572293161,2
1572293161,2
1572293161,2
1572293161,2
1572293161,2
1572293161,2
1572293161,2
1572293161,2
1572293162,2
1572293162,2
1572293162,2
1572293162,2
1572293162,2
1572293162,2
1572293162,2
1572293162,2
1572293162,2
1572293162,2
1572293162,2
1572293162,2
1572293162,2
1572293162,2
1572293162,2
1572293162,2
1572293162,2
1572293162,2
1572293162,2
1572293162,2
1572293162,2
1572293162,2
1572293162,2
1572293162,2
1572293162,2
1572293162,2
1572293162,2
1572293162,2
1572293162,2
1572293162,2
1572293162,2
1572293162,2
1572293162,2
1572293162,2
1572293162,2
1572293162,2
1572293162,2
1572293162,2
1572293162,2
1572293162,2
1572293162,2
1572293162,2
1572293162,2
1572293162,2
1572293162,2
1572293162,2
1572293162,2
1572293162,2
1572293162,2
1572293162,2
1572293162,2
1572293162,2
1572293162,2
1572293162,2
1572293162,2
1572293162,2
1572293162,2
1572293162,2
1572293162,2
1572293162,2
1572293162,2
1572293162,2
1572293162,2
1572293162,2
1572293162,2
1572293162,2
1572293163,2
1572293163,2
1572293163,2
1572293163,2
1572293163,2
1572293163,2
1572293163,2
1572293163,2
1572293163,2
1572293163,2
1572293163,2
1572293163,2
1572293163,2
1572293163,2
1572293163,2
1572293163,2
1572293163,2
1572293163,2
1572293163,2
1572293163,2
1572293163,2
1572293163,2
1572293163,2
1572293163,2
1572293163,2
1572293163,2
1572293163,2
1572293163,2
1572293163,2
1572293163,2
1572293163,2
1572293163,2
1572293163,2
1572293163,2
1572293163,2
1572293163,2
1572293163,2
1572293163,2
1572293163,2
1572293163,2
1572293163,2
1572293163,2
1572293163,2
1572293163,2
1572293163,2
1572293163,2
1572293163,2
1572293164,2
1572293164,2
1572293164,2
1572293164,2
1572293164,2
1572293164,2
1572293164,2
1572293164,2
1572293164,2
1572293164,2
1572293164,2
1572293164,2
1572293164,2
1572293164,2
1572293164,2
1572293164,2
1572293164,2
1572293164,2
1572293164,2
1572293164,2
1572293164,2
1572293164,2
1572293164,2
1572293164,2
1572293164,2
1572293164,2
1572293164,2
1572293164,2
1572293164,2
1572293164,2
1572293164,2
1572293164,2
1572293164,2
1572293164,2
1572293164,2
1572293164,2
1572293164,2
1572293164,2
1572293164,2
1572293164,2
1572293164,2
1572293164,2
1572293164,2
1572293164,2
1572293164,2
1572293164,2
1572293164,2
1572293164,2
1572293164,2
1572293164,2
1572293164,2
1572293164,2
1572293164,2
1572293164,2
1572293164,2
1572293165,2
t,value
1572453259,-1
1572453262,-1
1572453265,8
1572453268,4
1572453271,4
1572453274,4
1572453277,4
1572453280,4
1572453283,4
1572453286,4
1572453289,4
1572453292,4
1572453295,4
1572453298,4
1572453301,4
1572453304,4
1572453307,4
1572453310,4
1572453313,4
1572453316,4
1572453319,4
1572453322,4
1572453325,4
1572453328,4
1572453331,4
1572453334,4
1572453337,4
1572453340,4
1572453343,4
1572453346,4
1572453349,4
1572453352,4
1572453355,4
1572453358,4
1572453361,4
1572453364,4
1572453367,4
1572453370,4
1572453373,4
1572453376,4
1572453379,4
1572453382,4
1572453385,4
1572453388,3
1572453391,3
1572453394,3
1572453397,3
1572453400,3
1572453403,3
1572453406,3
1572453409,3
1572453412,3
1572453415,3
1572453418,3
1572453421,3
1572453424,3
1572453427,3
1572453430,3
1572453433,3
1572453436,3
1572453439,3
1572453442,3
1572453445,3
1572453448,2
1572453451,2
1572453454,2
1572453457,2
1572453460,2
1572453463,2
1572453466,2
1572453469,2
1572453472,2
1572453475,2
1572453478,2
1572453481,2
1572453484,2
1572453487,2
1572453490,2
1572453493,2
1572453496,2
1572453499,2
1572453502,2
1572453505,2
1572453508,2
1572453511,2
1572453514,2
1572453517,2
1572453520,2
1572453523,2
1572453526,2
1572453529,2
1572453532,2
1572453535,2
1572453538,2
1572453541,2
1572453544,2
1572453547,2
1572453550,2
1572453553,2
1572453556,2
1572453559,2
1572453562,2
1572453565,2
1572453568,2
1572453571,2
1572453574,2
1572453577,2
1572453580,2
1572453583,2
1572453586,2
1572453589,2
1572453592,2
1572453595,2
1572453598,2
1572453601,2
1572453604,2
1572453607,2
1572453610,2
1572453613,2
1572453616,2
1572453619,2
1572453622,2
1572453625,2
1572453628,2
1572453631,2
1572453634,2
1572453637,2
1572453640,2
1572453643,2
1572453646,2
1572453649,2
1572453652,2
1572453655,2
1572453658,2
1572453661,2
1572453664,2
1572453667,2
1572453670,2
1572453673,2
1572453676,2
1572453679,2
1572453682,2
1572453685,2
1572453688,2
1572453691,2
1572453694,2
1572453697,2
1572453700,2
1572453703,2
1572453706,2
1572453709,2
1572453712,2
1572453715,2
1572453718,2
1572453721,2
1572453724,2
1572453727,2
1572453730,2
1572453733,2
1572453736,2
1572453739,2
1572453742,2
1572453745,2
1572453748,2
1572453751,2
1572453754,2
1572453757,2
1572453760,2
1572453763,2
1572453766,2
1572453769,2
1572453772,2
1572453775,2
1572453778,2
1572453781,2
1572453784,2
1572453787,2
1572453790,2
1572453793,2
1572453796,2
1572453799,2
1572453802,2
1572453805,2
1572453808,2
1572453811,2
1572453814,2
1572453817,2
1572453820,2
1572453823,2
1572453826,2
1572453829,2
1572453832,2
1572453835,2
1572453838,2
1572453841,2
1572453844,2
1572453847,2
1572453850,2
1572453853,2
1572453856,2
1572453859,2
1572453862,2
1572453865,2
1572453868,2
1572453871,2
1572453874,2
1572453877,2
1572453880,2
1572453883,2
1572453886,2
1572453889,2
1572453892,2
1572453895,2
1572453898,2
1572453901,2
1572453904,2
1572453907,2
1572453910,2
1572453913,2
1572453916,2
1572453919,2
1572453922,2
1572453925,2
1572453928,2
1572453931,2
1572453934,2
1572453937,2
1572453940,2
1572453943,2
1572453946,2
1572453949,2
1572453952,2
1572453955,2
1572453958,2
1572453961,2
1572453964,2
1572453967,2
1572453970,2
1572453973,2
1572453976,2
1572453979,2
1572453982,2
1572453985,2
1572453988,2
1572453991,2
1572453994,2
1572453997,2
1572454000,2
1572454003,2
1572454006,2
1572454009,2
1572454012,2
1572454015,2
1572454018,2
1572454021,2
1572454024,2
1572454027,2
1572454030,2
1572454033,2
1572454036,2
1572454039,2
1572454042,2
1572454045,2
1572454048,2
1572454051,2
1572454054,2
1572454057,2
1572454060,2
1572454063,2
1572454066,2
1572454069,2
1572454072,2
1572454075,2
1572454078,2
1572454081,2
1572454084,2
1572454087,2
1572454090,2
1572454093,2
1572454096,2
1572454099,2
1572454102,2
1572454105,2
1572454108,2
1572454111,2
1572454114,2
1572454117,2
1572454120,2
1572454123,2
1572454126,2
1572454129,2
1572454132,2
1572454135,2
1572454138,2
1572454141,2
1572454144,2
1572454147,2
1572454150,2
1572454153,2
1572454156,2
1572454159,2
1572454162,2
1572454165,2
1572454168,2
1572454171,2
1572454174,2
1572454177,2
1572454180,2
1572454183,2
1572454186,2
1572454189,2
1572454192,2
1572454195,2
1572454198,2
1572454201,2
1572454204,2
1572454207,2
1572454210,2
1572454213,2
1572454216,2
1572454219,2
1572454222,2
1572454225,2
1572454228,2
1572454231,2
1572454234,2
1572454237,2
1572454240,2
1572454243,2
1572454246,2
1572454249,2
1572454252,2
1572454255,2
1572454258,2
1572454261,2
1572454264,2
1572454267,2
1572454270,2
1572454273,2
1572454276,2
1572454279,2
1572454282,2
1572454285,2
1572454288,2
1572454291,2
1572454294,2
1572454297,2
1572454300,2
1572454303,2
1572454306,2
1572454309,2
1572454312,2
1572454315,2
1572454318,2
1572454321,2
1572454324,2
1572454327,2
1572454330,2
1572454333,2
1572454336,2
1572454339,2
1572454342,2
1572454345,2
1572454348,2
1572454351,2
1572454354,2
1572454357,2
1572454360,2
1572454363,2
1572454366,2
1572454369,2
1572454372,2
1572454375,2
1572454378,2
1572454381,2
1572454384,2
1572454387,2
1572454390,2
1572454393,2
1572454396,2
1572454399,2
1572454402,2
1572454405,2
1572454408,2
1572454411,2
1572454414,2
1572454417,2
1572454420,2
1572454423,2
1572454426,2
1572454429,2
1572454432,2
1572454435,2
1572454438,2
1572454441,2
1572454444,2
1572454447,2
1572454450,2
1572454453,2
1572454456,2
1572454459,2
1572454462,2
1572454465,2
1572454468,2
1572454471,2
1572454474,2
1572454477,2
1572454480,2
1572454483,2
1572454486,2
1572454489,2
1572454492,2
1572454495,2
1572454498,2
1572454501,2
1572454504,2
1572454507,2
1572454510,2
1572454513,2
1572454516,2
1572454519,2
1572454522,2
1572454525,2
1572454528,2
1572454531,2
1572454534,2
1572454537,2
1572454540,2
1572454543,2
1572454546,2
1572454549,2
1572454552,2
1572454555,2
1572454558,2
1572454561,2
1572454564,2
1572454567,2
1572454570,2
1572454573,2
1572454576,2
1572454579,2
1572454582,2
1572454585,2
1572454588,2
1572454591,2
1572454594,2
1572454597,2
1572454600,2
1572454603,2
1572454606,2
1572454609,2
1572454612,2
1572454615,2
1572454618,2
1572454621,2
1572454624,2
1572454627,2
1572454630,2
1572454633,2
1572454636,2
1572454639,2
1572454642,2
1572454645,2
1572454648,2
1572454651,2
1572454654,2
1572454657,2
1572454660,2
1572454663,2
1572454666,2
1572454669,2
1572454672,2
1572454675,2
1572454678,2
1572454681,2
1572454684,2
1572454687,2
1572454690,2
1572454693,2
1572454696,2
1572454699,2
1572454702,2
1572454705,2
1572454708,2
1572454711,2
1572454714,2
1572454717,2
1572454720,2
1572454723,2
1572454726,2
1572454729,2
1572454732,2
1572454735,2
1572454738,2
1572454741,2
1572454744,2
1572454747,2
1572454750,2
1572454753,2
1572454756,2
1572454759,2
1572454762,2
1572454765,2
1572454768,2
1572454771,2
1572454774,2
1572454777,2
1572454780,2
1572454783,2
1572454786,2
1572454789,2
1572454792,2
1572454795,2
1572454798,2
1572454801,2
1572454804,2
1572454807,2
1572454810,2
1572454813,2
1572454816,2
1572454819,2
1572454822,2
1572454825,2
1572454828,2
1572454831,2
1572454834,2
1572454837,2
1572454840,2
1572454843,2
1572454846,2
1572454849,2
1572454852,2
1572454855,2
1572454858,2
1572454861,2
1572454864,2
1572454867,2
1572454870,2
1572454873,2
1572454876,2
1572454879,2
1572454882,2
1572454885,2
1572454888,2
1572454891,2
1572454894,2
1572454897,2
1572454900,2
1572454903,2
1572454906,2
1572454909,2
1572454912,2
1572454915,2
1572454918,2
1572454921,2
1572454924,2
1572454927,2
1572454930,2
1572454933,2
1572454936,2
1572454939,2
1572454942,2
1572454945,2
1572454948,2
1572454951,2
1572454954,2
1572454957,2
1572454960,2
1572454963,2
1572454966,2
1572454969,2
1572454972,2
1572454975,2
1572454978,2
1572454981,2
1572454984,2
1572454987,2
1572454990,2
1572454993,2
1572454996,2
1572454999,2
1572455002,2
1572455005,2
1572455008,2
1572455011,2
1572455014,2
1572455017,2
1572455020,2
1572455023,2
1572455026,2
1572455029,2
1572455032,2
1572455035,2
1572455038,2
1572455041,2
1572455044,2
1572455047,2
1572455050,2
1572455053,2
1572455056,2
1572455059,2
1572455062,2
1572455065,2
1572455068,2
1572455071,2
1572455074,2
1572455077,2
1572455080,2
1572455083,2
1572455086,2
1572455089,2
1572455092,2
1572455095,2
1572455098,2
1572455101,2
1572455104,2
1572455107,2
1572455110,2
1572455113,2
1572455116,2
1572455119,2
1572455122,2
1572455125,2
1572455128,2
1572455131,2
1572455134,2
1572455137,2
1572455140,2
1572455143,2
1572455146,2
1572455149,2
1572455152,2
1572455155,2
1572455158,2
1572455161,2
1572455164,2
1572455167,2
1572455170,2
1572455173,2
1572455176,2
1572455179,2
1572455182,2
1572455185,2
1572455188,2
1572455191,2
1572455194,2
1572455197,2
1572455200,2
1572455203,2
1572455206,2
1572455209,2
1572455212,2
1572455215,2
1572455218,2
1572455221,2
1572455224,2
1572455227,2
1572455230,2
1572455233,2
1572455236,2
1572455239,2
1572455242,2
1572455245,2
1572455248,2
1572455251,2
1572455254,2
1572455257,2
1572455260,2
1572455263,2
1572455266,2
1572455269,2
1572455272,2
1572455275,2
1572455278,2
1572455281,2
1572455284,2
1572455287,2
1572455290,2
1572455293,2
1572455296,2
1572455299,2
1572455302,2
1572455305,2
1572455308,2
1572455311,2
1572455314,2
1572455317,2
1572455320,2
1572455323,2
1572455326,2
1572455329,2
1572455332,2
1572455335,2
1572455338,2
1572455341,2
1572455344,2
1572455347,2
1572455350,2
1572455353,2
1572455356,2
1572455359,2
1572455362,2
1572455365,2
1572455368,2
1572455371,2
1572455374,2
1572455377,2
1572455380,2
1572455383,2
1572455386,2
1572455389,2
1572455392,2
1572455395,2
1572455398,2
1572455401,2
1572455404,2
1572455407,2
1572455410,2
1572455413,2
1572455416,2
1572455419,2
1572455422,2
1572455425,2
1572455428,2
1572455431,2
1572455434,2
1572455437,2
1572455440,2
1572455443,2
1572455446,2
1572455449,2
1572455452,2
1572455455,2
1572455458,2
1572455461,2
1572455464,2
1572455467,2
1572455470,2
1572455473,2
1572455476,2
1572455479,2
1572455482,2
1572455485,2
1572455488,2
1572455491,2
1572455494,2
1572455497,2
1572455500,2
1572455503,2
1572455506,2
1572455509,2
1572455512,2
1572455515,2
1572455518,2
1572455521,2
1572455524,2
1572455527,2
1572455530,2
1572455533,2
1572455536,2
1572455539,2
1572455542,2
1572455545,2
1572455548,2
1572455551,2
1572455554,2
1572455557,2
1572455560,2
1572455563,2
1572455566,2
1572455569,2
1572455572,2
1572455575,2
1572455578,2
1572455581,2
1572455584,2
1572455587,2
1572455590,2
1572455593,2
1572455596,2
1572455599,2
1572455602,2
1572455605,2
1572455608,2
1572455611,2
1572455614,2
1572455617,2
1572455620,2
1572455623,2
1572455626,2
1572455629,2
1572455632,2
1572455635,2
1572455638,2
1572455641,2
1572455644,2
1572455647,2
1572455650,2
1572455653,2
1572455656,2
1572455659,2
1572455662,2
1572455665,2
1572455668,2
1572455671,2
1572455674,2
1572455677,2
1572455680,2
1572455683,2
1572455686,2
1572455689,2
1572455692,2
1572455695,2
1572455698,2
1572455701,2
1572455704,2
1572455707,2
1572455710,2
1572455713,2
1572455716,2
1572455719,2
1572455722,2
1572455725,2
1572455728,2
1572455731,2
1572455734,2
1572455737,2
1572455740,2
1572455743,2
1572455746,2
1572455749,2
1572455752,2
1572455755,2
1572455758,2
1572455761,2
1572455764,2
1572455767,2
1572455770,2
1572455773,2
1572455776,2
1572455779,2
1572455782,2
1572455785,2
1572455788,2
1572455791,2
1572455794,2
1572455797,2
1572455800,2
1572455803,2
1572455806,2
1572455809,2
1572455812,2
1572455815,2
1572455818,2
1572455821,2
1572455824,2
1572455827,2
1572455830,2
1572455833,2
1572455836,2
1572455839,2
1572455842,2
1572455845,2
1572455848,2
1572455851,2
1572455854,2
1572455857,2
1572455860,2
1572455863,2
1572455866,2
1572455869,2
1572455872,2
1572455875,2
1572455878,2
1572455881,2
1572455884,2
1572455887,2
1572455890,2
1572455893,2
1572455896,2
1572455899,2
1572455902,2
1572455905,2
1572455908,2
1572455911,2
1572455914,2
1572455917,2
1572455920,2
1572455923,2
1572455926,2
1572455929,2
1572455932,2
1572455935,2
1572455938,2
1572455941,2
1572455944,2
1572455947,2
1572455950,2
1572455953,2
1572455956,2
1572455959,2
1572455962,2
1572455965,2
1572455968,2
1572455971,2
1572455974,2
1572455977,2
1572455980,2
1572455983,2
1572455986,2
1572455989,2
1572455992,2
1572455995,2
1572455998,2
1572456001,2
1572456004,2
1572456007,2
1572456010,2
1572456013,2
1572456016,2
1572456019,2
1572456022,2
1572456025,2
1572456028,2
1572456031,2
1572456034,2
1572456037,2
1572456040,2
1572456043,2
1572456046,2
1572456049,2
1572456052,2
1572456055,2
1572456058,2
1572456061,2
1572456064,2
1572456067,2
1572456070,2
1572456073,2
1572456076,2
1572456079,2
1572456082,2
1572456085,2
1572456088,2
1572456091,2
1572456094,2
1572456097,2
1572456100,2
1572456103,2
1572456106,2
1572456109,2
1572456112,2
1572456115,2
1572456118,2
1572456121,2
1572456124,2
1572456127,2
1572456130,2
1572456133,2
1572456136,2
1572456139,2
1572456142,2
1572456145,2
1572456148,2
1572456151,2
1572456154,2
1572456157,2
1572456160,2
1572456163,2
1572456166,2
1572456169,2
1572456172,2
1572456175,2
1572456178,2
1572456181,2
1572456184,2
1572456187,2
1572456190,2
1572456193,2
1572456196,2
1572456199,2
1572456202,2
1572456205,2
1572456208,2
1572456211,2
1572456214,2
1572456217,2
1572456220,2
1572456223,2
1572456226,2
1572456229,2
1572456232,2
1572456235,2
1572456238,2
1572456241,2
1572456244,2
1572456247,2
1572456250,2
1572456253,2
1572456256,2
1572456259,2
1572456262,2
1572456265,2
1572456268,2
1572456271,2
1572456274,2
1572456277,2
1572456280,2
1572456283,2
1572456286,2
1572456289,2
1572456292,2
1572456295,2
1572456298,2
1572456301,2
1572456304,2
1572456307,2
1572456310,2
1572456313,2
1572456316,2
1572456319,2
1572456322,2
1572456325,2
1572456328,2
1572456331,2
1572456334,2
1572456337,2
1572456340,2
1572456343,2
1572456346,2
1572456349,2
1572456352,2
1572456355,2
1572456358,2
1572456361,2
1572456364,2
1572456367,2
1572456370,2
1572456373,2
1572456376,2
1572456379,2
1572456382,2
1572456385,2
1572456388,2
1572456391,2
1572456394,2
1572456397,2
1572456400,2
1572456403,2
1572456406,2
1572456409,2
1572456412,2
1572456415,2
1572456418,2
1572456421,2
1572456424,2
1572456427,2
1572456430,2
1572456433,2
1572456436,2
1572456439,2
1572456442,2
1572456445,2
1572456448,2
1572456451,2
1572456454,2
1572456457,2
1572456460,2
1572456463,2
1572456466,2
1572456469,2
1572456472,2
1572456475,2
1572456478,2
1572456481,2
1572456484,2
1572456487,2
1572456490,2
1572456493,2
1572456496,2
1572456499,2
1572456502,2
1572456505,2
1572456508,2
1572456511,2
1572456514,2
1572456517,2
1572456520,2
1572456523,2
1572456526,2
1572456529,2
1572456532,2
1572456535,2
1572456538,2
1572456541,2
1572456544,2
1572456547,2
1572456550,2
1572456553,2
1572456556,2
1572456559,2
1572456562,2
1572456565,2
1572456568,2
1572456571,2
1572456574,2
1572456577,2
1572456580,2
1572456583,2
1572456586,2
1572456589,2
1572456592,2
1572456595,2
1572456598,2
1572456601,2
1572456604,2
1572456607,2
1572456610,2
1572456613,2
1572456616,2
1572456619,2
1572456622,2
1572456625,2
1572456628,2
1572456631,2
1572456634,2
1572456637,2
1572456640,2
1572456643,2
1572456646,2
1572456649,2
1572456652,2
1572456655,2
1572456658,2
1572456661,2
1572456664,2
1572456667,2
1572456670,2
1572456673,2
1572456676,2
1572456679,2
1572456682,2
1572456685,2
1572456688,2
1572456691,2
1572456694,2
1572456697,2
1572456700,2
1572456703,2
1572456706,2
1572456709,2
1572456712,2
1572456715,2
1572456718,2
1572456721,2
1572456724,2
1572456727,2
1572456730,2
1572456733,2
1572456736,2
1572456739,2
1572456742,2
1572456745,2
1572456748,2
1572456751,2
1572456754,2
1572456757,2
1572456760,2
1572456763,2
1572456766,2
1572456769,2
1572456772,2
1572456775,2
1572456778,2
1572456781,2
1572456784,2
1572456787,2
1572456790,2
1572456793,2
1572456796,2
1572456799,2
1572456802,2
1572456805,2
1572456808,2
1572456811,2
1572456814,2
1572456817,2
1572456820,2
1572456823,2
1572456826,2
1572456829,2
1572456832,2
1572456835,2
1572456838,2
1572456841,2
1572456844,2
1572456847,2
1572456850,2
1572456853,2
1572456856,2
1572456859,2
1572456862,2
1572456865,2
1572456868,2
1572456871,2
1572456874,2
1572456877,2
1572456880,2
1572456883,2
1572456886,2
1572456889,2
1572456892,2
1572456895,2
1572456898,2
1572456901,2
1572456904,2
1572456907,2
1572456910,2
1572456913,2
1572456916,2
1572456919,2
1572456922,2
1572456925,2
1572456928,2
1572456931,2
1572456934,2
1572456937,2
1572456940,2
1572456943,2
1572456946,2
1572456949,2
1572456952,2
1572456955,2
1572456958,2
1572456961,2
1572456964,2
1572456967,2
1572456970,2
1572456973,2
1572456976,2
1572456979,2
1572456982,2
1572456985,2
1572456988,2
1572456991,2
1572456994,2
1572456997,2
1572457000,2
1572457003,2
1572457006,2
1572457009,2
1572457012,2
1572457015,2
1572457018,2
1572457021,2
1572457024,2
1572457027,2
1572457030,2
1572457033,2
1572457036,2
1572457039,2
1572457042,2
1572457045,2
1572457048,2
1572457051,2
1572457054,2
1572457057,2
1572457060,2
1572457063,2
1572457066,2
1572457069,2
1572457072,2
1572457075,2
1572457078,2
1572457081,2
1572457084,2
1572457087,2
1572457090,2
1572457093,2
1572457096,2
1572457099,2
1572457102,2
1572457105,2
1572457108,2
1572457111,2
1572457114,2
1572457117,2
1572457120,2
1572457123,2
1572457126,2
1572457129,2
1572457132,2
1572457135,2
1572457138,2
1572457141,2
1572457144,2
1572457147,2
1572457150,2
1572457153,2
1572457156,2
1572457159,2
1572457162,2
1572457165,2
1572457168,2
1572457171,2
1572457174,2
1572457177,2
1572457180,2
1572457183,2
1572457186,2
1572457189,2
1572457192,2
1572457195,2
1572457198,2
1572457201,2
1572457204,2
1572457207,2
1572457210,2
1572457213,2
1572457216,2
1572457219,2
1572457222,2
1572457225,2
1572457228,2
1572457231,2
1572457234,2
1572457237,2
1572457240,2
1572457243,2
1572457246,2
1572457249,2
1572457252,2
1572457255,2
1572457258,2
1572457261,2
1572457264,2
1572457267,2
1572457270,2
1572457273,2
1572457276,2
1572457279,2
1572457282,2
1572457285,2
1572457288,2
1572457291,2
1572457294,2
1572457297,2
1572457300,2
1572457303,2
1572457306,2
1572457309,2
1572457312,2
1572457315,2
1572457318,2
1572457321,2
1572457324,2
1572457327,2
1572457330,2
1572457333,2
1572457336,2
1572457339,2
1572457342,2
1572457345,2
1572457348,2
1572457351,2
1572457354,2
1572457357,2
1572457360,2
1572457363,2
1572457366,2
1572457369,2
1572457372,2
1572457375,2
1572457378,2
1572457381,2
1572457384,2
1572457387,2
1572457390,2
1572457393,2
1572457396,2
1572457399,2
1572457402,2
1572457405,2
1572457408,2
1572457411,2
1572457414,2
1572457417,2
1572457420,2
1572457423,2
1572457426,2
1572457429,2
1572457432,2
1572457435,2
1572457438,2
1572457441,2
1572457444,2
1572457447,2
1572457450,2
1572457453,2
1572457456,2
1572457459,2
1572457462,2
1572457465,2
1572457468,2
1572457471,2
1572457474,2
1572457477,2
1572457480,2
1572457483,2
1572457486,2
1572457489,2
1572457492,2
1572457495,2
1572457498,2
1572457501,2
1572457504,2
1572457507,2
1572457510,2
1572457513,2
1572457516,2
1572457519,2
1572457522,2
1572457525,2
1572457528,2
1572457531,2
1572457534,2
1572457537,2
1572457540,2
1572457543,2
1572457546,2
1572457549,2
1572457552,2
1572457555,2
1572457558,2
1572457561,2
1572457564,2
1572457567,2
1572457570,2
1572457573,2
1572457576,2
1572457579,2
1572457582,2
1572457585,2
1572457588,2
1572457591,2
1572457594,2
1572457597,2
1572457600,2
1572457603,2
1572457606,2
1572457609,2
1572457612,2
1572457615,2
1572457618,2
1572457621,2
1572457624,2
1572457627,2
1572457630,2
1572457633,2
1572457636,2
1572457639,2
1572457642,2
1572457645,2
1572457648,2
1572457651,2
1572457654,2
1572457657,2
1572457660,2
1572457663,2
1572457666,2
1572457669,2
1572457672,2
1572457675,2
1572457678,2
1572457681,2
1572457684,2
1572457687,2
1572457690,2
1572457693,2
1572457696,2
1572457699,2
1572457702,2
1572457705,2
1572457708,2
1572457711,2
1572457714,2
1572457717,2
1572457720,2
1572457723,2
1572457726,2
1572457729,2
1572457732,2
1572457735,2
1572457738,2
1572457741,2
1572457744,2
1572457747,2
1572457750,2
1572457753,2
1572457756,2
1572457759,2
1572457762,2
1572457765,2
1572457768,2
1572457771,2
1572457774,2
1572457777,2
1572457780,2
1572457783,2
1572457786,2
1572457789,2
1572457792,2
1572457795,2
1572457798,2
1572457801,2
1572457804,2
1572457807,2
1572457810,2
1572457813,2
1572457816,2
1572457819,2
1572457822,2
1572457825,2
1572457828,2
1572457831,2
1572457834,2
1572457837,2
1572457840,2
1572457843,2
1572457846,2
1572457849,2
1572457852,2
1572457855,2
1572457858,2
1572457861,2
1572457864,2
1572457867,2
1572457870,2
1572457873,2
1572457876,2
1572457879,2
1572457882,2
1572457885,2
1572457888,2
1572457891,2
1572457894,2
1572457897,2
1572457900,2
1572457903,2
1572457906,2
1572457909,2
1572457912,2
1572457915,2
1572457918,2
1572457921,2
1572457924,2
1572457927,2
1572457930,2
1572457933,2
1572457936,2
1572457939,2
1572457942,2
1572457945,2
1572457948,2
1572457951,2
1572457954,2
1572457957,2
1572457960,2
1572457963,2
1572457966,2
1572457969,2
1572457972,2
1572457975,2
1572457978,2
1572457981,2
1572457984,2
1572457987,2
1572457990,2
1572457993,2
1572457996,2
1572457999,2
1572458002,2
1572458005,2
1572458008,2
1572458011,2
1572458014,2
1572458017,2
1572458020,2
1572458023,2
1572458026,2
1572458029,2
1572458032,2
1572458035,2
1572458038,2
1572458041,2
1572458044,2
1572458047,2
1572458050,2
1572458053,2
1572458056,2
1572458059,2
1572458062,2
1572458065,2
1572458068,2
1572458071,2
1572458074,2
1572458077,2
1572458080,2
1572458083,2
1572458086,2
1572458089,2
1572458092,2
1572458095,2
1572458098,2
1572458101,2
1572458104,2
1572458107,2
1572458110,2
1572458113,2
1572458116,2
1572458119,2
1572458122,2
1572458125,2
1572458128,2
1572458131,2
1572458134,2
1572458137,2
1572458140,2
1572458143,2
1572458146,2
1572458149,2
1572458152,2
1572458155,2
1572458158,2
1572458161,2
1572458164,2
1572458167,2
1572458170,2
1572458173,2
1572458176,2
1572458179,2
1572458182,2
1572458185,2
1572458188,2
1572458191,2
1572458194,2
1572458197,2
1572458200,2
1572458203,2
1572458206,2
1572458209,2
1572458212,2
1572458215,2
1572458218,2
1572458221,2
1572458224,2
1572458227,2
1572458230,2
1572458233,2
1572458236,2
1572458239,2
1572458242,2
1572458245,2
1572458248,2
1572458251,2
1572458254,2
1572458257,2
1572458260,2
1572458263,2
1572458266,2
1572458269,2
1572458272,2
1572458275,2
